{
    "rmse": 0.7841348892400207,
    "mae": 0.6455850785054653,
    "r2": 0.024174695249230993
}