{
    "rmse": 0.691541647906492,
    "mae": 0.5449154531296233,
    "r2": 0.24138665801201376
}